,name,Show,principal component 1,principal component 2,principal component 3
0,Leroy Jethro Gibbs,NCIS,-7.439053567561766,-10.736470242685463,-0.8491884112773961
1,Anthony DiNozzo ,NCIS,3.306043861191586,4.2732671960447215,-7.598596639370577
2,Abby Sciuto,NCIS,-4.351082110278001,4.710739222709734,-12.866520003490736
3,Donald Mallard,NCIS,-14.509526002935564,-0.9971938942350944,-0.7431769957508573
4,Timothy McGee,NCIS,-11.939270027369899,2.0177296868701617,6.872772365327158
5,Jimmy Palmer,NCIS,-11.747919391990536,5.790577340361082,5.689956604432846
6,Rick Grimes,The Walking Dead,-5.552700209922392,-5.719994065819182,-1.9726267636804955
7,Shane Walsh,The Walking Dead,14.743744621152914,-5.309010879216659,1.5686414423726434
8,Lori Grimes,The Walking Dead,3.305790496620086,3.249677155238662,8.602653486334452
9,Andrea,The Walking Dead,4.267995764830205,0.04165706726179357,2.680044010965077
10,Dale Horvath,The Walking Dead,-6.970554418374323,3.1151293261945097,5.324576827996649
11,Glenn Rhee,The Walking Dead,-12.146811413412147,3.77281897538577,-3.697911679907372
12,Carl Grimes,The Walking Dead,-2.3863597162945376,2.016193045628311,-0.10829766426317057
13,Daryl Dixon,The Walking Dead,-0.00555380268827004,-4.6327178154329145,-6.896273773711175
14,Carol Peletier,The Walking Dead,-3.20499720378411,-5.636220670225785,-3.0089998518497323
15,Merle Dixon,The Walking Dead,17.604616051712693,-3.9805462931145548,0.5304885568634309
16,Walter White,Breaking Bad,3.477711476585196,-10.513895335868856,-2.2580153249870167
17,Skyler White,Breaking Bad,1.4530359800799655,-4.260828397844153,7.311009274840495
18,Jesse Pinkman,Breaking Bad,7.692228419744191,7.4351939476177575,-2.9365949490014374
19,Hank Schrader,Breaking Bad,0.1400457791404449,-5.265800085700522,3.4279912111666246
20,Marie Schrader,Breaking Bad,5.3594136037023485,2.0077163520060606,8.46445229646257
21,Flynn White,Breaking Bad,-3.5227061828813038,7.40577871473175,6.561525084657292
22,Jimmy McGill,Breaking Bad,7.285406269967557,2.7254652143439566,-2.9948256028390343
23,Gus Fring,Breaking Bad,-0.9615654452657167,-14.455382427444713,-0.2672146527583654
24,Mike Ehrmantraut,Breaking Bad,-2.283143776926387,-11.001125851812795,0.0054178609017151895
25,Jane Margolis,Breaking Bad,9.423708922289364,3.8216536253647195,-4.875337408843946
26,Dorothy Gale,The Wizard of Oz,-8.084874452450364,9.171567848963873,0.9028728054594582
27,The Wizard of Oz,The Wizard of Oz,6.816448975985616,-0.22978345868397784,5.753557959478647
28,The Scarecrow,The Wizard of Oz,-2.088396593859869,12.445739892928668,3.8144951881899525
29,The Tin Man,The Wizard of Oz,-4.583341789485398,5.998732409209163,5.857597318837096
30,The Cowardly Lion,The Wizard of Oz,0.8853170554398105,9.923732396980714,8.678502045164208
31,The Wicked Witch of the West,The Wizard of Oz,13.80510949935378,-6.258482504630199,1.7576190089533463
32,Jack Pearson,This Is Us,-8.421872630248803,4.644419081220964,-8.09988006348775
33,Rebecca Pearson,This Is Us,-9.112073927030846,4.790034848597678,-1.474376380692151
34,Randall Pearson,This Is Us,-10.450951354401873,-4.3535175069531205,2.9968386243702447
35,Kate Pearson,This Is Us,-2.096752676559652,4.8549462007177455,3.2889799298541504
36,Kevin Pearson,This Is Us,5.579686939300834,7.553798246757405,-4.636358400078845
37,Beth Pearson,This Is Us,-10.0410444032895,-2.413321356727854,-7.26093797957195
38,Toby Damon,This Is Us,-3.1546417007165606,9.50174036042945,-2.7624421109317674
39,William H. 'Shakespeare' Hill,This Is Us,-6.604843060176922,6.330415840302021,-4.682202678772428
40,Miguel Rivas,This Is Us,-6.450512646734952,3.9971599788391687,7.050998578940372
41,Sophie,This Is Us,-6.32017466283017,1.8370487249290146,0.727570580232951
42,Dr. Alan Grant,Jurassic Park,-6.687779059475721,-4.643576882634023,-1.2983926977646332
43,Dr. Ellie Sattler,Jurassic Park,-10.112921771073387,0.560970715313771,-4.369696375311257
44,Dr. Ian Malcolm,Jurassic Park,2.5153331829079892,0.543206764607462,-7.528671499098476
45,John Hammond,Jurassic Park,-2.285936951364081,2.5427062388887705,-3.062787352239
46,Ray Arnold,Jurassic Park,-3.752949726938931,-6.568023611407139,1.5645187684532982
47,Dennis Nedry,Jurassic Park,16.392317307271792,3.0998275868761733,9.552338218449064
48,Simba,The Lion King,-2.007124831895275,10.4008058765181,-5.980502512328876
49,Nala,The Lion King,-9.774996642016424,-0.7882273540241401,-5.792975711340368
50,Timon,The Lion King,3.737047400745542,9.30839531190206,-2.9815512834669184
51,Pumbaa,The Lion King,0.6489673806080363,17.25104182953581,-4.378060608800183
52,Scar,The Lion King,14.122417524558033,-10.075315804228728,1.570979038289311
53,Mufasa,The Lion King,-13.554960228415062,-4.242748063402759,-1.770689635127578
54,Josiah Bartlet,The West Wing,-12.679296828743828,-2.4276275866047285,-4.996545558291735
55,Leo McGarry,The West Wing,-8.577781360030027,-8.714261167532747,0.48640244025655577
56,Josh Lyman,The West Wing,1.7244063755723114,-0.7718941208854924,-3.5504036184342356
57,Toby Ziegler,The West Wing,-2.041001047398565,-9.318119319750558,3.71861301022467
58,Sam Seaborn,The West Wing,-6.881977814943583,1.3924448718315088,-4.5007380461065765
59,C. J. Cregg,The West Wing,-9.05019122485342,-3.0694188601983217,-6.798404955868764
60,Charlie Young,The West Wing,-14.847810299459951,-0.37190146121074674,-2.612858884861548
61,Donna Moss,The West Wing,-7.934014897568015,6.8892370228287145,-2.079693917053398
62,Abbey Bartlet,The West Wing,-7.277166570112357,-4.761179676344975,-5.007953421931754
63,Joey Lucas,The West Wing,-8.549195616974743,-3.796975391575751,-6.316013060262698
64,Eric Taylor,Friday Night Lights,-11.039272570677326,-4.1807476445777665,-2.7891388056738604
65,Tami Taylor,Friday Night Lights,-12.476070763239917,1.5471236264673494,-4.838059828568943
66,Smash Williams,Friday Night Lights,4.425322613722957,0.09187910179471381,-5.751368090186703
67,Matt Saracen,Friday Night Lights,-9.990739099043312,4.427250896576199,6.39796948083508
68,Lyla Garrity,Friday Night Lights,-4.12546400361639,3.2250209363403783,1.111210971059287
69,Tim Riggins,Friday Night Lights,8.280116746089769,2.4057461949394123,-6.8144454091418005
70,Tyra Collette,Friday Night Lights,7.549546920419779,0.7860419375185856,-7.576482971893063
71,Landry Clarke ,Friday Night Lights,-4.918809635318706,6.620707477273623,6.791458831709751
72,Jason Street,Friday Night Lights,-5.661086968093535,0.09161753271635258,3.0340079119187764
73,Julie Taylor ,Friday Night Lights,-0.8199777099645008,4.319938515636512,3.3724273400632945
74,Johnny Rose,Schitt's Creek,-6.184209735028622,-2.3181518129165597,4.883718203213144
75,Moira Rose,Schitt's Creek,8.53584326138086,0.13296298701700335,-5.0958588907588895
76,David Rose,Schitt's Creek,4.280668940206756,2.397766233601334,-3.6792108732761735
77,Alexis Rose,Schitt's Creek,6.176658739669677,8.071402749806452,-7.376895272156028
78,Stevie Budd,Schitt's Creek,1.3680296274661345,-0.16109756851367948,0.9609513870346928
79,Ted Mullens,Schitt's Creek,-13.842723829154645,6.396849658712487,4.48721754195429
80,Jo March,Little Women,0.7630170578557168,0.9534170237861924,-11.590498116489716
81,Meg March,Little Women,-12.38047827965972,3.683292270908405,5.5101326980022876
82,Amy March,Little Women,-0.08467549710474129,1.0187053186915067,-2.3130198536316557
83,Beth March,Little Women,-12.335798878445365,9.333150637975601,4.934412322569194
84,Marmee March,Little Women,-13.67407696651222,1.7998187870286795,-1.1289967710007631
85,Theodore Laurence,Little Women,0.3224113486282365,7.926487407140861,-4.713844167045127
86,Olivia Pope,Scandal,-1.9450444983381334,-10.673068132091009,-7.308663997769702
87,Abby Whelan,Scandal,-3.305703582980082,-3.1815400956397695,0.8936011966506113
88,Quinn Perkins,Scandal,3.1605616069914224,-1.1247134209612928,-0.11198753508596244
89,Huck,Scandal,2.489988651114927,-6.186243564975031,1.2152200165735607
90,Cyrus Beene,Scandal,9.951106378725775,-6.961802811027715,4.92651551808033
91,David Rosen,Scandal,-7.03898557883066,-1.5235843682059897,7.8866886403189564
92,Mellie Grant,Scandal,0.9913553359476202,-6.0154409810303,0.8862121737493772
93,Fitzgerald Grant,Scandal,0.7734465508600189,-0.7593132007010852,4.217903960238886
94,Jake Ballard,Scandal,1.3160032278050526,-6.435559975056793,-4.088414727139164
95,Rowan Pope,Scandal,6.494069440620243,-13.57708619016318,-0.8031290392162449
96,Robin Hood,Robin Hood,-1.8753140685590297,5.084213197159305,-14.587470167799315
97,Maid Marian,Robin Hood,-12.323877679240454,6.198523428620228,-2.395608560985754
98,Little John,Robin Hood,-3.861379365594734,10.722221211507582,-1.9076295635575584
99,Friar Tuck,Robin Hood,-9.214493364807666,8.130032363010516,3.7716862109785185
100,Prince John,Robin Hood,16.73660629771605,0.8886562937789725,8.181244376937968
101,Sheriff of Nottingham,Robin Hood,14.532368214592282,-1.205084349627052,7.909184783996035
102,Romeo Montague,Romeo and Juliet,6.229298597982601,7.2948919829484975,-2.9013298330095227
103,Juliet Capulet,Romeo and Juliet,1.2789340035216306,8.54792223521967,1.158012159805428
104,Friar Laurence,Romeo and Juliet,-5.14995541416132,1.6900072827180015,3.930577713780032
105,Mercutio,Romeo and Juliet,7.99285854222023,3.841555634846317,-5.784023040723331
106,The Nurse,Romeo and Juliet,-2.8341469507860535,1.9417100522569404,4.6655374941445285
107,Benvolio,Romeo and Juliet,-0.12734834139425297,1.699401493300591,3.462375246543706
108,Dexter Morgan,Dexter,-1.8075064599905404,-10.56376106138617,-2.206631211587449
109,Rita Bennett,Dexter,-9.529941388267968,9.637686217017691,6.141949710853011
110,Debra Morgan,Dexter,2.3291930102394183,0.2019737681612587,-2.647125337568461
111,James Doakes,Dexter,4.490128616601605,-11.617115225963639,1.5427107570466538
112,Maria LaGuerta,Dexter,-1.6725379683879342,-7.035867700394218,1.2479326797493198
113,Angel Batista,Dexter,-3.862706773074928,6.728419230346357,-3.3988416822352816
114,Harry Morgan,Dexter,-3.417482632029932,-6.587624408448917,1.784477124649702
115,Vince Masuka,Dexter,1.7713582528293055,5.387603389565754,-0.04532182237228786
116,Thomas Matthews,Dexter,1.3169013520730384,-10.934752016767158,8.157761255922267
117,Joey Quinn,Dexter,7.756964692416383,0.35677253702525064,-0.4632544466792125
118,Eleanor Shellstrop,The Good Place,9.487383082714672,4.823662613260992,-8.611875098565822
119,Chidi Anagonye,The Good Place,-11.894574768827898,-0.5572231026563121,10.575423993733624
120,Tahani Al-Jamil,The Good Place,-1.390895482705775,-1.0152491506060688,-1.4959071954600005
121,Janet,The Good Place,-12.099869890759033,-0.12491694420360645,-2.6053114530048176
122,Jason Mendoza,The Good Place,6.749947970533863,17.826754889521375,-4.871748754723336
123,Michael,The Good Place,-0.010788503667056124,1.3250097813207162,-2.3205082021073706
124,Dr. Gregory House,"House, M.D.",10.040415215258388,-7.0076085576810705,-6.336382371539272
125,Dr. Lisa Cuddy,"House, M.D.",-7.576784130430611,-6.234583223013107,1.5011559382764348
126,Dr. James Wilson,"House, M.D.",-12.029338285394727,2.4161703512119987,6.888623454488777
127,Dr. Eric Foreman,"House, M.D.",-4.700152695882708,-7.753669810499322,4.418607342901637
128,Dr. Robert Chase,"House, M.D.",-1.3731034832496856,2.9497707071753556,0.611873860114108
129,Dr. Allison Cameron,"House, M.D.",-7.365460862896238,0.12874964365739305,3.8333818931206336
130,Sayid Jarrah,LOST,-4.7464500288503215,-7.552796812943764,-3.641713438954164
131,Claire Littleton,LOST,-0.32324597376066644,8.609293037581086,1.8550378164103372
132,Jack Shephard,LOST,-7.0728828213299595,-5.647818415174835,0.9627593322747401
133,Hugo 'Hurley' Reyes,LOST,-4.637733397405497,14.503206893946562,0.786519877931157
134,Shannon Rutherford,LOST,9.514189458481896,4.629189276211987,4.784631942737221
135,James 'Sawyer' Ford,LOST,10.636953798172499,-1.0253314755711864,-9.104770742767691
136,Benjamin Linus,LOST,7.575630842393678,-7.728448869009832,3.0595226204509354
137,Jin-Soo Kwon,LOST,-5.430112225756531,-7.714961490549404,4.03852663270256
138,Michael Dawson,LOST,3.544960921903939,0.21466695784520848,4.631772479122102
139,Desmond Hume,LOST,-2.9117986290513187,-1.2630257736097523,-2.906973026153097
140,Sun-Hwa Kwon,LOST,-10.02109046648608,-1.2741293771412856,2.507681201509486
141,Kate Austen,LOST,3.15847947710066,-2.875204489108521,-6.259738044747086
142,Charlie Pace,LOST,4.424405313507675,12.227541407514455,-2.5394558966940206
143,John Locke,LOST,0.8766699963948447,-6.1361465828796105,-3.5399628177659332
144,Juliet Burke,LOST,-4.101679041750046,-5.927261257683751,0.1957283409682291
145,Jay Gatsby,The Great Gatsby,2.3190952855985234,1.8387583309223399,-6.46742832697567
146,Nick Carraway,The Great Gatsby,-7.700074159957215,4.307606331708313,7.363887488819216
147,Daisy Buchanan,The Great Gatsby,4.515693963923545,7.931998221493546,3.3749948796195115
148,Tom Buchanan,The Great Gatsby,12.471490800324034,-7.005142876512878,7.748121327692916
149,Myrtle Wilson,The Great Gatsby,14.033366196678305,6.720866846893368,0.6978569748999668
150,Jordan Baker,The Great Gatsby,2.0224885033251847,-1.5911860855383153,-5.3645903240923705
151,Clarke Griffin,The 100,-2.80132251550641,-3.930148208714144,-3.5757842439314653
152,Bellamy Blake,The 100,-2.898293907384664,-3.1892319883684914,-5.533308193379983
153,Octavia Blake,The 100,4.932060603627544,-4.293808608432754,-8.061518665846183
154,Raven Reyes,The 100,-3.116024909148558,-3.6977729115531344,-7.015325717854039
155,Dr. Abigail Griffin,The 100,-3.359128017385198,-4.658620700007477,4.7818325768672265
156,John Murphy,The 100,13.256031431452756,-0.18430982323403478,-0.7675413385361848
157,Charlie Harper,Two and Half Men,14.344128882116905,3.9534832883692554,-5.604903848697816
158,Alan Harper,Two and Half Men,-2.5955709028285807,5.017342882272525,15.432990315900785
159,Jake Harper,Two and Half Men,7.85317220533569,12.286560919727894,3.293181995715895
160,Berta,Two and Half Men,5.975520642449201,0.8075654618022692,-2.927723987267555
161,Evelyn Harper,Two and Half Men,6.898921386511627,-5.910716877979469,-1.0936072537185726
162,Judith Harper-Melnick,Two and Half Men,3.4349747416326717,-5.773383741763959,6.238890047592741
163,Bella Swan,Twilight,2.883323137120416,4.970747318898826,9.14886359958267
164,Edward Cullen,Twilight,-1.7354385227305553,-5.636175550344764,2.1627322481336932
165,Jacob Black,Twilight,2.164086896758554,2.5042630907636996,-2.414201417848932
166,Charlie Swan,Twilight,-7.1571198338879505,1.2666116470686566,9.421094364812879
167,Carlisle Cullen,Twilight,-13.930818436069925,-3.7085212938747176,-1.9368532628839297
168,Esme Cullen,Twilight,-13.355912851613201,3.2123008266135717,0.14012294089532798
169,Alice Cullen,Twilight,-6.170848763838096,4.500112258591584,-10.601538120421008
170,Emmett Cullen ,Twilight,3.58277193536482,2.8868266165186216,-5.409389574831859
171,Rosalie Hale,Twilight,2.398445249139135,-8.359542695579751,0.7996829846510494
172,Jasper Hale,Twilight,-2.4605266072099012,-2.9813367128458355,3.187359343308646
173,Meredith Grey,Grey's Anatomy,-1.4718313946939376,-2.971273709940376,-3.995933407154738
174,Cristina Yang,Grey's Anatomy,-0.965486194614474,-12.301217001635317,-4.364816191755892
175,Izzie Stevens,Grey's Anatomy,2.5400191600020343,7.955269598521172,-0.9110923543479099
176,Alex Karev,Grey's Anatomy,5.83670525755297,-0.8653907215251324,-5.78567082477698
177,George O'Malley,Grey's Anatomy,-8.211019379729898,10.418246720484136,6.559232440545266
178,Miranda Bailey,Grey's Anatomy,-8.552299540136142,-8.855323545547675,-1.964212718565074
179,Richard Webber,Grey's Anatomy,-8.862380921560911,-4.320783786754039,2.235690636091962
180,Preston Burke,Grey's Anatomy,-2.544120937805357,-10.59651548993351,5.692572456736987
181,Derek Shepherd,Grey's Anatomy,-6.728944774083208,-0.3553746376806532,-6.396287941874411
182,Addison Montgomery,Grey's Anatomy,-1.3768156456430172,-4.535877300630103,-3.1724736010242522
183,Olivia Benson,Law & Order: SVU,-10.996965823732612,-5.274482055749352,-6.025878668949707
184,John Munch,Law & Order: SVU,-3.750467433713432,-4.684817194296691,0.7566232644787011
185,Donald Cragen,Law & Order: SVU,-8.429618022415504,-6.638921405164725,5.435113954464849
186,Elliot Stabler,Law & Order: SVU,-0.897683229349502,-6.724805173740462,-1.4570938290755162
187,Odafin Tutuola,Law & Order: SVU,-1.583536904837812,-2.667991033727347,-6.891627166933027
188,Melinda Warner,Law & Order: SVU,-11.845583707814594,-5.586430779190564,-2.210209867354419
189,Buffy Summers,Buffy the Vampire Slayer,0.0952710825145772,-1.7618393733085813,-10.774741006069908
190,Xander Harris,Buffy the Vampire Slayer,3.1498353676137203,12.433966047925793,3.7990718751853367
191,Willow Rosenberg,Buffy the Vampire Slayer,-8.85746692375358,5.745450268269086,-1.073677939122468
192,Cordelia Chase,Buffy the Vampire Slayer,5.605423729492896,-0.10120063248735896,-2.0530746957581485
193,Rupert Giles,Buffy the Vampire Slayer,-12.275261521401218,-5.294858529573363,2.3903952429876645
194,Angel,Buffy the Vampire Slayer,1.5506799529212287,-5.69968971967171,-2.0546774104985803
195,Eric Forman,That 70's Show,-0.6835702178961576,8.18532765907416,10.512514076900409
196,Jackie Burkhart,That 70's Show,6.077285185542936,2.628721261135081,-3.724768242451605
197,Michael Kelso,That 70's Show,9.87011372908267,16.000048769115153,-3.3546445555014595
198,Steven Hyde,That 70's Show,8.806536002457353,-0.46711971460226565,-6.996857891994801
199,Donna Pinciotti,That 70's Show,-4.5645925216904875,-0.19217506915260307,-6.769929229479961
200,Fez,That 70's Show,2.311055251506477,14.51049474200225,-2.6604368529727997
201,Kitty Forman,That 70's Show,-7.50889298912985,6.879472127519074,1.2628128901869409
202,Red Forman,That 70's Show,2.2668237410480345,-13.070827693686635,7.926048171150671
203,Midge Pinciotti,That 70's Show,4.781111512036855,14.346289790149301,-1.4751069643991623
204,Bob Pinciotti,That 70's Show,7.585888019945533,12.940213484742419,4.029439279747499
205,Luke Skywalker,Star Wars,-4.434152805021051,5.699715660743565,-2.08242276243388
206,Princess Leia,Star Wars,-7.5867976516814775,-4.449597959280419,-7.241328697071446
207,Han Solo,Star Wars,8.375557810701011,2.3869505404804547,-11.059897880344895
208,Darth Vader,Star Wars,6.560309381911707,-12.677155138386025,0.7807492484106947
209,Obi-Wan Kenobi,Star Wars,-10.893044838556223,-2.91098572907492,-1.6720489723558258
210,C-3PO,Star Wars,-8.876018000223553,0.38816840392351215,12.011542773646651
211,Ron Weasley,Harry Potter,0.9953165322080623,11.678219846119413,2.046552508230553
212,Harry Potter,Harry Potter,-2.9070426737714414,3.2546181968786105,-4.705764448926904
213,Hermione Granger,Harry Potter,-12.04144866381662,-5.957139219559034,-4.995594317900405
214,Rubeus Hagrid,Harry Potter,-4.711108264993399,11.971075371466116,-5.204187463502749
215,Albus Dumbledore,Harry Potter,-6.740582551763442,-0.8511599669066686,-7.440939004040419
216,Minerva McGonagall,Harry Potter,-11.997014892284167,-7.279180398571805,-4.023543567483757
217,Severus Snape,Harry Potter,1.2630031398381143,-10.818777089371041,4.450762118854577
218,Ginny Weasley,Harry Potter,-6.873118472002635,2.3881029311791457,-3.0764977307823824
219,Luna Lovegood,Harry Potter,-5.0943051538630835,10.482267554625915,-9.95313098801541
220,Draco Malfoy,Harry Potter,10.392686843806768,-3.5845360491084044,4.26623819827752
221,Molly Weasley,Harry Potter,-8.796780742070567,4.948761027182675,-6.028040482594172
222,Lord Voldemort,Harry Potter,13.469947866624077,-10.335044790927986,1.182136903309356
223,Cho Chang,Harry Potter,-7.141135220596399,1.9506803100121373,6.62658381562178
224,Fleur Delacour,Harry Potter,-8.437338259194421,-0.05578539972703509,-0.6628271721040159
225,Viktor Krum,Harry Potter,1.879752616585522,-5.070144013508094,0.1485713824614816
226,Filius Flitwick,Harry Potter,-5.637344467828292,-2.225322474545219,5.860332569751799
227,Horace Slughorn,Harry Potter,3.375656159989408,4.528559874850038,7.374592768900969
228,George Weasley,Harry Potter,2.327224475316981,10.134086514278458,-12.119716024482779
229,Alastor Moody,Harry Potter,5.871794520253578,-6.2174296629464445,-2.9957809804900006
230,Remus Lupin,Harry Potter,-6.072382350385346,0.03542722000199298,-2.892896765170956
231,Arthur Weasley,Harry Potter,-7.502740854119956,8.407585625828766,-1.249285219455377
232,Cornelius Fudge,Harry Potter,7.909581982063261,-1.6816479099618986,16.23342785002785
233,Dolores Umbridge,Harry Potter,11.766440859759843,-9.787064723748577,11.38566037776159
234,Petunia Dursley,Harry Potter,8.64334084864778,-3.0877322379832335,19.044434060999343
235,Moaning Myrtle,Harry Potter,10.72578592562721,5.239091059657287,7.288328928356469
236,Rita Skeeter,Harry Potter,13.494347843744697,-3.349868995237954,1.7550631398655845
237,Dobby,Harry Potter,-4.100095514387144,9.22156436153825,-0.5886619700453044
238,Bellatrix Lestrange,Harry Potter,16.295831931897858,-3.5075043154305114,-4.911931492652752
239,Nymphadora Tonks,Harry Potter,1.5932829794656764,5.096855263438173,-13.0890196827897
240,Sirius Black,Harry Potter,0.36668782529798927,1.1170818322910694,-10.383089078041932
241,Rachel Chu,Crazy Rich Asians,-10.281082514216532,3.4953013574777954,-4.688202259410898
242,Nick Young,Crazy Rich Asians,-10.836296856934359,3.1404676326773897,-4.7165204321566065
243,Eleanor Sung-Young,Crazy Rich Asians,-0.11615621446388505,-12.852420136886426,5.68082099189753
244,Goh Peik Lin,Crazy Rich Asians,3.1474750342269564,10.52189928900735,-14.612541248224867
245,Astrid Leong-Teo,Crazy Rich Asians,-9.76794249302932,-1.9114215248926119,-5.1397678458229645
246,Colin Khoo,Crazy Rich Asians,-1.1536155334749834,2.1633720694035343,1.0695145347463648
247,Katniss Everdeen,The Hunger Games,-0.7269676474195151,-5.553691215351998,-5.75937183039273
248,Peeta Mellark,The Hunger Games,-8.672795152246058,6.371468227005181,4.1290410047392045
249,Haymitch Abernathy,The Hunger Games,8.984384289730793,0.039014434506274065,-3.4936930037843443
250,Effie Trinket,The Hunger Games,0.2201450283772413,5.338825840727214,-1.7923296836187321
251,Coriolanus Snow,The Hunger Games,8.456937242706571,-13.132695370210808,6.463153326879079
252,Gale Hawthorne,The Hunger Games,-2.2039659977870056,-2.1640565252220596,-0.7442981360856613
253,Leslie Knope,Parks and Recreation,-9.242056676445724,4.091258854573385,-6.108551824274107
254,Ann Perkins,Parks and Recreation,-9.999428906470095,4.968556164231242,2.734085514125347
255,Mark Brendanawicz,Parks and Recreation,-1.3380847421040074,0.040504189665163295,10.599238241430982
256,Tom Haverford,Parks and Recreation,8.807633748722438,10.829798738697054,-5.266831620594589
257,Ron Swanson,Parks and Recreation,-1.9055217632308246,-11.457973232276924,0.7551587910606428
258,April Ludgate,Parks and Recreation,10.722403787621522,-1.1402970379718445,-5.689652949243341
259,Mr. Darcy,Pride and Prejudice,-5.504954420335055,-7.741850915193459,2.5895591276218584
260,Elizabeth Bennet,Pride and Prejudice,-4.2050126062788395,-1.6233544766398065,-8.820518168533171
261,Mr. William Collins,Pride and Prejudice,4.755391771148267,0.43974259055142717,18.52812318234166
262,George Wickham,Pride and Prejudice,16.191737857889425,3.3609753055999603,0.7789164005657319
263,Charles Bingley,Pride and Prejudice,-8.318992745373409,10.763285827736157,3.5659260698510526
264,Georgiana Darcy,Pride and Prejudice,-10.337503587979167,8.892707650054502,2.8155816891665286
265,Lydia Bennet,Pride and Prejudice,13.777433273651878,9.64338851218884,-0.002014804655447898
266,Jane Bennet,Pride and Prejudice,-14.92284618144262,7.020840650526359,5.618834236633148
267,Mrs. Bennet,Pride and Prejudice,7.59794471978072,3.7193350427924936,6.777491917563258
268,Lady Catherine de Bourgh,Pride and Prejudice,6.206538558033636,-11.382545265375603,7.143049370953964
269,Jadzia Dax,Star Trek: Deep Space Nine,-7.735544009358973,-0.0615426847240715,-11.386875876272379
270,Odo,Star Trek: Deep Space Nine,-6.8864665363638995,-9.83883185733507,4.434206248780331
271,Worf,Star Trek: Deep Space Nine,-4.327176146544815,-10.740782428979168,1.5131040917270786
272,Nog,Star Trek: Deep Space Nine,-0.5714452405141005,3.354565254939999,1.2971701374819316
273,Quark,Star Trek: Deep Space Nine,9.652351905536758,-2.250551260592896,-2.924738465094963
274,Benjamin Sisko,Star Trek: Deep Space Nine,-10.551790444688928,-4.449459673849637,-6.284947334051304
275,Elim Garak,Star Trek: Deep Space Nine,2.6613381047771165,-5.215103096479512,-5.24647578583497
276,Kira Nerys,Star Trek: Deep Space Nine,-3.808031947881036,-6.6945066091402685,-5.0319635826990075
277,Julian Bashir,Star Trek: Deep Space Nine,-6.472258696393312,1.1159537568702202,-2.3172535613322087
278,Dukat,Star Trek: Deep Space Nine,7.021939242589205,-12.38285651377025,1.1049216187401445
279,Rom,Star Trek: Deep Space Nine,0.07125714079409286,10.019828755099491,7.231526076423429
280,Miles O'Brien,Star Trek: Deep Space Nine,-7.940542160215182,0.0976897002617118,2.1763601581962515
281,Jake Sisko,Star Trek: Deep Space Nine,-4.535442992305473,8.409081221132205,-1.039239497238129
282,Winn Adami,Star Trek: Deep Space Nine,5.219678826938768,-8.530410675886493,7.173243060299521
283,Kasidy Yates,Star Trek: Deep Space Nine,-6.183574623370042,2.189898877636434,-4.91350861663023
284,Patrick Jane,The Mentalist,-0.04963359241823736,1.3852562078136148,-11.87516347297132
285,Teresa Lisbon,The Mentalist,-8.879078962052299,-5.90302518390465,0.4651874001705865
286,Kimball Cho,The Mentalist,-9.797442884024631,-7.355279335054232,2.5802485906081873
287,Wayne Rigsby,The Mentalist,-5.89517168959847,3.612325956733671,4.617654012780804
288,Grace Van Pelt,The Mentalist,-9.608553445258465,-0.28299970585151635,0.27532719624205604
289,Red John,The Mentalist,10.519269667075953,-8.100053006536102,1.0343245173629143
290,Lincoln Burrows,Prison Break,-0.6416399250367584,-1.9177195508334692,-0.46115773227700746
291,Michael Scofield,Prison Break,-9.004578732317983,-6.839889048344971,-7.013460030069875
292,Veronica Donovan,Prison Break,-6.814028894811076,-1.7575186542618366,2.3373276296030516
293,Fernando Sucre,Prison Break,-3.592808031370849,7.761323137520681,-3.617454532468784
294,"Lincoln 'L.J.' Burrows, Jr.",Prison Break,4.049656722514076,6.058920429912763,4.414924474372733
295,Brad Bellick,Prison Break,13.813913275333638,-2.5602715034984826,10.936552189713366
296,Theodore 'T-Bag' Bagwell ,Prison Break,16.373679671842176,-1.4218303038201272,-1.183474718829958
297,Sara Tancredi,Prison Break,-8.543520424313037,1.0351265434760655,1.2517119400470544
298,Benjamin Miles 'C-Note' Franklin,Prison Break,-0.1040508412788744,-0.9715443070260398,0.011095840280465627
299,John Abruzzi,Prison Break,10.466618323400866,-3.6366057073622957,1.1897652076659653
300,Jack Sparrow,Pirates of the Caribbean,11.328419134439493,7.03230389224295,-12.264207087841259
301,Hector Barbossa,Pirates of the Caribbean,9.977689253295138,-3.845867355850858,-4.728778799718376
302,Joshamee Gibbs,Pirates of the Caribbean,-0.012055216462781708,4.6387239368619655,2.0445676228691534
303,Will Turner,Pirates of the Caribbean,-3.961412549116413,2.061451797461406,-3.2359426986298434
304,Elizabeth Swann,Pirates of the Caribbean,-2.144165254152289,-2.0253638039553263,-7.646602197592665
305,James Norrington,Pirates of the Caribbean,0.27039053165832355,-6.407857018470828,13.136337317133979
306,Vincent Vega,Pulp Fiction,2.7163285302752387,1.5512836907121326,-0.8111615215314144
307,Jules Winnfield ,Pulp Fiction,-1.9105765496693425,-5.234218236073001,-5.653997418577023
308,Mia Wallace,Pulp Fiction,5.98875497243026,2.4928376578698512,-9.670067155821238
309,Ringo,Pulp Fiction,12.417782196532105,4.7803696809619485,1.1095553958973081
310,Marsellus Wallace,Pulp Fiction,4.150042915392924,-7.705425592017345,-3.630831084799644
311,Butch Coolidge,Pulp Fiction,4.123928481159857,-3.4278241496852946,-2.070071503027737
312,Jeff Winger,Community,8.673047865922934,-3.299934094626968,-3.4140578989724335
313,Britta Perry,Community,9.486789612210545,3.3698110434440176,-1.2000225108695843
314,Abed Nadir,Community,-5.790387346833112,2.1706800050770534,-3.359819306556281
315,Troy Barnes,Community,0.28907318385416186,14.508747949883519,-6.719937297608598
316,Annie Edison,Community,-9.101399256619708,1.9009715688102793,5.805018687292645
317,Shirley Bennett,Community,-7.545177291173713,4.333404381259801,3.475761086349315
318,Pierce Hawthorne,Community,17.327763796664527,1.791400898060316,6.212002020649382
319,Craig Pelton,Community,5.9831679831067275,12.027856386065519,0.6635690606734443
320,Ben Chang,Community,17.810689983639776,4.951540830519174,-2.2020356997739308
321,Ian Duncan,Community,11.447792351821668,5.835018491346499,7.283157266049483
322,Hannah Horvath,Girls,12.849859338489152,8.005111518000525,1.4351152744365212
323,Marnie Michaels,Girls,1.4625415821117094,-1.0620443524452479,8.186456743805946
324,Jessa Johansson,Girls,13.340065448795388,4.036470763593539,-9.890940526758747
325,Shoshanna Shapiro,Girls,-3.2601640032741477,4.715611453301551,4.19280682973159
326,Adam Sackler,Girls,8.478756641733673,2.1555809764203717,-3.9017787982526553
327,Ray Ploshansky,Girls,-0.18684225838923343,-0.5196605820558189,8.302968078026693
328,Marty Byrde,Ozark,-4.631709011009667,-7.7573131657913015,1.8901091413832913
329,Wendy Byrde,Ozark,0.9068441591745334,-7.0268875132668,-2.905202076569959
330,Charlotte Byrde,Ozark,0.5476331542277425,0.2708959847775442,0.121437529788321
331,Jonah Byrde,Ozark,-5.062077765025979,-1.331376856655876,0.6785991457011126
332,Ruth Langmore,Ozark,4.411640300011548,-5.389273261141938,-5.320560601833113
333,Rachel Garrison,Ozark,4.982442822083811,2.4536200811978905,5.641959373897761
334,Roy Petty,Ozark,12.317317561201657,-6.130717481873982,6.099595787575201
335,Jacob Snell,Ozark,5.784102774424969,-5.605915184210954,2.1198201609569445
336,Darlene Snell,Ozark,14.733637577807487,-6.647043971769678,1.2322833647294966
337,Wyatt Langmore,Ozark,2.818398689430043,5.745027093021226,5.830206530114938
338,Homer Simpson,The Simpsons,11.932165239824963,14.413584253251079,1.992525524726768
339,Bart Simpson,The Simpsons,13.513052720399742,6.703639559864544,-8.670862894126978
340,Marge Simpson,The Simpsons,-12.047591088083907,4.453177293092029,2.14202716424823
341,Lisa Simpson,The Simpsons,-11.52945809399668,-3.4496534804944288,-1.3840204005602572
342,Apu Nahasapeemapetilon,The Simpsons,-4.13073002658138,4.631742352158621,3.8920436222940853
343,Mr. Burns,The Simpsons,11.875657275462348,-11.903488234342738,6.450983534689884
344,Ned Flanders,The Simpsons,-12.731862298546698,6.17239068775553,9.653205354507781
345,Milhouse Van Houten,The Simpsons,-3.3964789526031254,9.271503503425514,15.937974179763001
346,Moe Szyslak,The Simpsons,11.775479581865984,1.691481957517785,7.451469671730312
347,Nelson Muntz,The Simpsons,17.424209038125223,1.3073720488922422,3.2946548382701857
348,Krusty the Clown,The Simpsons,18.060687952320226,4.276806611832216,0.5767995206551403
349,Edna Krabappel,The Simpsons,7.183871091522796,-0.7109867827447427,6.868105211376107
350,Waylon Smithers,The Simpsons,-7.3129340292400205,1.9185593682773028,11.855917834020632
351,Barney Gumble,The Simpsons,11.612592259756052,12.7022632892938,7.710253949329454
352,Principal Skinner,The Simpsons,0.9058200969780938,-0.46373214723800127,14.82826710084966
353,Cady Heron,Mean Girls,-0.6651428305129481,4.19896232460402,2.3980130606047503
354,Regina George,Mean Girls,10.504750126137473,-6.131597548701497,-2.838159269694806
355,Gretchen Wieners,Mean Girls,5.53775834486935,7.815207949759815,4.495007722167836
356,Karen Smith,Mean Girls,3.9489166195393453,15.879558987190752,2.8065756820017995
357,Janis Ian,Mean Girls,8.042826791025036,-1.874599273585268,-6.97246409387497
358,Damian Leigh,Mean Girls,1.9759570685817707,8.922264844255412,-7.0879381011568805
359,Aaron Samuels,Mean Girls,-1.5370487162535975,7.583468425983158,3.9610554299791385
360,Ms. Sharon Norbury,Mean Girls,-6.313934379595842,1.6159106503464855,0.8394195003913099
361,June George,Mean Girls,6.7046905965532835,12.080588269439406,-1.6413724237562872
362,Betsy Heron,Mean Girls,-5.450410078325405,-1.7062456730022435,5.7611371037259325
363,Don Draper,Mad Men,6.652914741116842,-7.07973809113519,-5.179829514589668
364,Peggy Olson,Mad Men,-4.10104074454263,-4.229056218160233,-3.2434691584941224
365,Pete Campbell,Mad Men,9.84058274240225,-2.528785788798713,9.6449106622921
366,Betty Draper,Mad Men,3.11058882643795,-1.8086410049326025,9.181141044842757
367,Joan Holloway,Mad Men,-2.435013029993555,-5.239809847662652,-9.512595491980639
368,Salvatore Romano,Mad Men,-0.15667026165682904,4.4978619834384235,-3.0104500031659636
369,Paul Kinsey,Mad Men,5.922908841249426,6.35827095850431,3.226147115803488
370,Ken Cosgrove,Mad Men,-3.878037851271418,4.313131582429454,4.800657990706264
371,Harry Crane,Mad Men,1.1527805198216876,3.7654337798876925,9.426774044254717
372,Rachel Menken,Mad Men,-2.093405064937822,-5.724338244417956,-1.654724543686176
373,Roger Sterling,Mad Men,8.040252562704369,-0.0814634737546003,-3.788674934195449
374,Bert Cooper,Mad Men,-2.0708302603930364,-0.866224238162547,0.15021964786344175
375,Henry Francis,Mad Men,-4.848575494985455,-6.072583222163278,8.751310581009516
376,Lane Pryce,Mad Men,-2.611025222921487,-2.0848222937111633,10.310802470504884
377,Stan Rizzo,Mad Men,5.4153380150118995,9.058996487093989,-4.815115556962259
378,Kurt Hummel,Glee,-1.276356969356427,4.089158349420099,-4.765826454932653
379,Sue Sylvester,Glee,9.861155290312599,-9.186944976512901,-2.796581869423428
380,Rachel Berry,Glee,1.6361410711770328,-2.8217224801984586,2.78246186205004
381,Will Schuester,Glee,-0.6229013347006795,5.903712475708976,3.7570068225880386
382,Artie Abrams,Glee,-4.454309910367365,2.6995442337038775,5.28299478408597
383,Santana Lopez,Glee,7.378311478700523,-4.2511498000121595,-9.6263847289455
384,Tina Cohen-Chang ,Glee,-0.9283827198723114,4.488515486950504,4.676723735291832
385,Mercedes Jones,Glee,-3.573635582756738,2.560570932090979,-9.344319015445008
386,Noah Puckerman,Glee,13.154446355888226,2.4667630023553735,-2.268499944389582
387,Brittany Pierce,Glee,1.422395698832478,15.152260265489863,-4.567751100282546
388,Jean-Luc Picard,Star Trek: The Next Generation,-13.506335055377575,-7.504409139859597,-3.787945909449121
389,William Riker,Star Trek: The Next Generation,-3.6171165680601627,-1.5469474050156922,-6.470451312665672
390,Geordi La Forge,Star Trek: The Next Generation,-11.672738058024718,-0.9477168674797227,-1.7320156501272193
391,Tasha Yar,Star Trek: The Next Generation,-2.585229275630237,-6.254044960318757,-1.42092381201976
392,Worf,Star Trek: The Next Generation,-2.553545634835014,-10.732967799891016,1.470122058295693
393,Beverly Crusher,Star Trek: The Next Generation,-12.88601923186333,-1.2237185877821026,-1.4904292220228823
394,Deanna Troi,Star Trek: The Next Generation,-10.455573420831433,5.440230452497578,-5.634363982942189
395,Wesley Crusher,Star Trek: The Next Generation,-3.0087468448356147,5.054700722706963,4.916414008277103
396,Data,Star Trek: The Next Generation,-14.108476312248689,-4.429803372975496,1.819163675814701
397,Guinan,Star Trek: The Next Generation,-9.135568090142097,3.6512262006342717,-10.149026827683944
398,Randle Patrick McMurphy,One Flew Over the Cuckoo's Nest,9.658671374864978,1.476886766295571,-10.983286840307931
399,Nurse Mildred Ratched,One Flew Over the Cuckoo's Nest,4.9015751017245925,-15.188330343157059,10.681152546472738
400,'Chief' Bromden,One Flew Over the Cuckoo's Nest,-6.864159251179681,-0.211507407880906,1.2496452473410018
401,Dale Harding,One Flew Over the Cuckoo's Nest,1.7790342069223264,0.7433541605085031,14.420063770468039
402,Billy Bibbit,One Flew Over the Cuckoo's Nest,-0.3489543918848774,12.070937895341284,4.961659056764228
403,Charlie Cheswick,One Flew Over the Cuckoo's Nest,3.8437672971379344,9.55231953300007,10.815577106875914
404,Spike Spiegel,Cowboy Bebop,2.8585804429780572,3.268635892048369,-10.88757537363882
405,Jet Black,Cowboy Bebop,-5.076669286834915,-5.331495773775549,-0.8630545999777679
406,Faye Valentine,Cowboy Bebop,7.766659625017531,-1.2658839135993507,-8.56028004447977
407,Ed,Cowboy Bebop,2.2548924761752738,11.580439169231223,-10.85090870320382
408,Vicious,Cowboy Bebop,8.024638549097343,-11.968752735908149,0.09326923354461375
409,Julia,Cowboy Bebop,-2.1688982087212727,-2.6497297365666643,3.355254825089031
410,John Michael Dorian,Scrubs,-1.1023361064495552,14.030521191818721,-1.014299873823268
411,Elliot Reid,Scrubs,-0.24390789933786913,5.4287272897087355,4.220848224276334
412,Christopher Turk,Scrubs,-0.7548033975694738,10.589791745830281,-7.129993989817208
413,Bob Kelso,Scrubs,6.281753353937648,-10.025215035657697,7.063034728694313
414,Perry Cox,Scrubs,4.919348757983138,-10.301074896077075,-2.2672147329124885
415,Carla Espinosa,Scrubs,-7.119594391870703,-1.9154297414519532,-5.246494176946645
416,Malcolm Reynolds,Firefly + Serenity,3.7145673038987943,-0.8859982235936495,-10.226614611016169
417,River Tam,Firefly + Serenity,2.5804052929028765,-1.287259905994592,-6.530838185665714
418,Inara Serra,Firefly + Serenity,-6.104821166813422,-1.3022609199723003,-10.379173966959216
419,Kaylee Frye,Firefly + Serenity,-6.81620477018966,10.845423805426183,-7.812538123363854
420,Zoe Washburne,Firefly + Serenity,-6.66424204428924,-7.048099978747823,-8.715557113910267
421,Hoban Washburne,Firefly + Serenity,-3.3822825530334475,11.701050286156642,-5.566490642484876
422,Jayne Cobb,Firefly + Serenity,15.039203116103804,-2.2748595323109715,-1.7578322817076295
423,Derrial Book,Firefly + Serenity,-13.687301227146047,-0.2483273190578179,-1.4386587366554568
424,Simon Tam,Firefly + Serenity,-9.645372023138462,-4.098027108829489,7.690193042778761
425,The Operative,Firefly + Serenity,-0.2607372423901504,-12.45628869023961,2.894444403860624
426,Jake Peralta,Brooklyn Nine-Nine,3.764414768820752,12.811517486878563,-9.981525223334017
427,Rosa Diaz ,Brooklyn Nine-Nine,3.0820561813972,-9.69255565352508,-7.854515728651611
428,Terry Jeffords,Brooklyn Nine-Nine,-10.740984197583328,3.9053044850301952,-2.92038114929278
429,Amy Santiago,Brooklyn Nine-Nine,-12.766320490698794,-3.267808984071847,3.0707038149378327
430,Charles Boyle,Brooklyn Nine-Nine,-5.127768357916895,13.553516895214262,4.285579539805807
431,Raymond Holt,Brooklyn Nine-Nine,-11.14388913779748,-10.742730849524124,1.859720733313938
432,Tyler Durden,Fight Club,10.621039246126294,-1.4422511158519224,-13.069243457589838
433,The Narrator,Fight Club,2.2108641995946257,1.0934003625607487,11.909442432611241
434,Marla Singer,Fight Club,13.098466559499748,4.286865761803905,-5.508073338246774
435,Forrest Gump,Forrest Gump,-10.023748009894078,9.44028257620252,-0.8270428840001811
436,Jenny Curran,Forrest Gump,7.763655179484588,7.300219157827247,-3.1987263931706433
437,Dan Taylor,Forrest Gump,7.987717893081289,0.036317963923461455,-1.9394227494390819
438,Benjamin 'Hawkeye' Pierce,M*A*S*H,2.389275533840365,3.424423080576524,-11.456854480912352
439,Margaret 'Hot Lips' Houlihan,M*A*S*H,-1.3501949161804931,-6.721705062207515,-0.6786321949971711
440,Maxwell Klinger,M*A*S*H,4.027514181097928,10.984765409010942,-7.59303000955126
441,Francis Mulcahy,M*A*S*H,-16.60135264325104,5.173755514329861,2.397397013266637
442,Frank Burns,M*A*S*H,7.089044165919984,-3.5291029896960366,15.183096629237149
443,Walter 'Radar' O'Reilly,M*A*S*H,-12.441726154954159,8.72111305550661,6.989228929495058
444,William Adama,Battlestar Galactica,-11.220857261352565,-10.236699550943783,-1.222001416582765
445,Laura Roslin,Battlestar Galactica,-10.406615807301057,-5.45974323930084,-1.5460926193012126
446,Kara 'Starbuck' Thrace,Battlestar Galactica,8.377423576240815,-2.6620836043521448,-11.597341678819884
447,Lee 'Apollo' Adama,Battlestar Galactica,-6.026967519875526,-3.755862110659651,0.7178641562196671
448,Gaius Baltar,Battlestar Galactica,12.677303781240509,0.7512812197542021,0.6575623800940672
449,Number Six,Battlestar Galactica,3.5926321724447243,-5.550981834366103,-9.788134062950208
450,Sharon 'Boomer' Valerii,Battlestar Galactica,-1.026375212839198,-3.6146093537950694,-2.8922623835480934
451,Saul Tigh,Battlestar Galactica,6.4261611689054465,-9.075953820756837,6.83921857311854
452,Galen Tyrol,Battlestar Galactica,-3.3416632518355263,-0.5740215501823304,3.916442240194176
453,Karl 'Helo' Agathon,Battlestar Galactica,-5.29397765333377,-1.782503544945742,-0.7759629859696096
454,Felix Gaeta,Battlestar Galactica,-4.454921262558402,-2.6657563278060756,6.69179196827491
455,Anastasia Dualla,Battlestar Galactica,-7.647155393199721,-2.5446850995960033,1.8081830322071808
456,Billy Keikeya,Battlestar Galactica,-9.62144696133499,4.757126838419113,9.76199210612421
457,Cally Henderson,Battlestar Galactica,-1.8671575528694024,6.356938626362232,6.189713904886731
458,Samuel 'Longshot' Anders,Battlestar Galactica,1.297957295901245,0.9413728567957473,-4.153093481626177
459,Annalise Keating,How To Get Away With Murder,1.4576637366594585,-11.150656192396918,-4.860937332044551
460,Nate Lahey,How To Get Away With Murder,-2.396178071259592,-4.239142260683912,2.1354883027491853
461,Connor Walsh,How To Get Away With Murder,4.901765892594149,0.6755980846949937,-2.6310430191124405
462,Michaela Pratt,How To Get Away With Murder,-1.1223674947382074,-6.89524760840249,3.034278012349637
463,Asher Millstone,How To Get Away With Murder,6.530016644165254,8.366348757617502,3.645613490289765
464,Frank Delfino,How To Get Away With Murder,7.85302014510267,-5.609007042924839,-1.9956163531737985
465,Bonnie Winterbottom,How To Get Away With Murder,2.5054878021544886,-4.828209144571682,8.696568321528236
466,Oliver Hampton,How To Get Away With Murder,-9.164987495547344,3.951934874256872,4.465010480013644
467,Laurel Castillo,How To Get Away With Murder,0.6897403140778232,-2.5532992549337172,0.4332100185827261
468,Wes Gibbins,How To Get Away With Murder,-4.297928846852388,2.206446319126944,1.431180919901033
469,Rachel Green,Friends,2.4935506109424215,7.538160180808886,-3.159998271170361
470,Monica Geller,Friends,-5.967299491596966,-4.442205851367365,2.1687374734848985
471,Phoebe Buffay,Friends,2.260634688952101,12.828848240314588,-11.481297132517293
472,Joey Tribbiani,Friends,4.645470253468932,15.290022835748692,-6.5124490509619815
473,Chandler Bing,Friends,0.8001627729816829,7.21275684799291,2.5009959724735054
474,Ross Geller,Friends,-1.726409772353314,-1.3422190403548209,12.908187803461882
475,Rick Blaine,Casablanca,0.020797783694904003,-6.469376630635062,-4.931442966498259
476,Ilsa Lund,Casablanca,-5.71635317155716,2.123474264423058,-0.6264294727996065
477,Victor Laszlo,Casablanca,-5.06345930949699,-2.499668134045282,-1.6037334363609368
478,Fox Mulder,The X-Files,0.5388656211279113,1.7090040281473704,-9.103974073526707
479,Dana Scully,The X-Files,-11.448622244777436,-8.021925257014184,1.333082912688908
480,Walter Skinner,The X-Files,-3.7820392034522614,-9.52350418939143,7.3933414721840345
481,Paul Atreides,Dune,-6.1772341135328,-3.6383724081184194,-5.906655676162394
482,Lady Jessica,Dune,-6.3055270432813115,-6.4310397733391325,-2.069910049773184
483,Duke Leto Atreides,Dune,-9.289253769940911,-5.01508987030516,-1.497787193948515
484,Baron Vladimir Harkonnen,Dune,18.330185058075323,-5.068662154196979,3.2510060576924316
485,Thufir Hawat,Dune,-2.1053606462416092,-8.033601864352503,7.785479108133474
486,Chani,Dune,-6.219834892107006,-3.9140869377183796,-4.421957366294039
487,Johnny,The Room,8.56434819457796,6.0581326853976565,-0.49516848613132197
488,Lisa ,The Room,16.185309360458294,3.521628595718588,2.898836957926305
489,Mark,The Room,6.54366935309565,5.50993989469409,1.8258427886844304
490,Denny,The Room,5.908491238417856,15.146538603877262,5.153307180008116
491,Peter,The Room,-2.0728806303585747,-1.3740801859205216,15.85952709801249
492,Michelle,The Room,4.398773857269153,2.1948724235434045,6.781470791209777
493,Leonard Hofstadter,The Big Bang Theory,-6.762097997189661,4.759494443408452,7.5026342021129215
494,Sheldon Cooper,The Big Bang Theory,-1.5990622148545284,-8.553208721805401,6.514327511354136
495,Penny,The Big Bang Theory,5.188597149504039,10.334095764004532,-6.953977211146366
496,Howard Wolowitz,The Big Bang Theory,4.200223070153849,6.897846195963115,3.8937535662085336
497,Raj Koothrappali,The Big Bang Theory,-2.9890642305750856,8.621828429784143,6.793673476548447
498,Leslie Winkle,The Big Bang Theory,5.388666628182153,-5.6427226828672845,0.03623827686847266
499,Bernadette Rostenkowski,The Big Bang Theory,-4.186162234937161,-2.672708075750115,-2.0576052188480545
500,Amy Farrah Fowler,The Big Bang Theory,-8.03933264268021,-2.255980508491829,3.0440305748861944
501,Stuart Bloom,The Big Bang Theory,3.698101807861015,7.564170867666008,14.989888750084226
502,Mary Cooper,The Big Bang Theory,-2.500081832753834,0.11322053207035672,5.867756359726912
503,Indiana Jones,Raiders of the Lost Ark,-0.8318272272290477,-2.4548128912248526,-11.491264604119989
504,Marion Ravenwood,Raiders of the Lost Ark,0.1616647552300984,-0.34386176002433416,-7.091441082782971
505,Dr. Rene Belloq,Raiders of the Lost Ark,6.757714955609065,-7.541386581636783,0.783173434521948
506,Major Arnold Toht,Raiders of the Lost Ark,9.961655582517226,-9.604992405043768,9.192671471004122
507,Sallah,Raiders of the Lost Ark,-3.7742736999355215,8.141050329609195,-4.073035131258676
508,Dr. Marcus Brody,Raiders of the Lost Ark,-6.587292299070911,1.3787366077728098,8.515731767709365
509,Richard Hendricks,Silicon Valley,-0.8941946770161705,1.1439869866909986,8.84704805921781
510,Erlich Bachman,Silicon Valley,17.988255652257266,7.629899895328724,-3.949771841347937
511,Nelson Bighetti,Silicon Valley,1.027894191299366,17.81864445190566,8.42430616546562
512,Bertram Gilfoyle,Silicon Valley,8.07624322590726,-9.750220225838746,-3.0492549721195434
513,Dinesh Chugtai,Silicon Valley,3.1747361271871335,3.2097350089020664,7.554416907178369
514,Peter Gregory,Silicon Valley,-0.5346767004633514,-4.124022532243672,3.014070671220968
515,Monica Hall,Silicon Valley,-7.689835365387073,-4.530730915241126,-1.5940964387239243
516,Jared Dunn,Silicon Valley,-11.901815342290552,2.1783858063734445,9.0705249104961
517,Gavin Belson,Silicon Valley,13.368517846443291,-6.9818696410945265,1.8240893678434649
518,Jian-Yang,Silicon Valley,13.559458691283323,-2.730674386359617,-0.2375546144815318
519,Aang,Avatar: The Last Airbender,-7.654315737919975,13.488050275400308,-7.270402537059574
520,Zuko,Avatar: The Last Airbender,1.3883001577411855,-5.413346251604322,-1.8402873731704978
521,Katara,Avatar: The Last Airbender,-12.452145642224545,0.9785304814713747,-3.0206988974549698
522,Toph Beifong,Avatar: The Last Airbender,3.3218563379853063,-4.136509724877675,-9.415063548165891
523,Sokka,Avatar: The Last Airbender,2.5486512327728676,8.355348333502148,-5.254361260387038
524,Azula,Avatar: The Last Airbender,9.1332129279196,-12.723565415058905,-2.937941354472652
525,Iroh,Avatar: The Last Airbender,-11.994801053506281,6.460331839963355,-7.919972388757463
526,Firelord Ozai,Avatar: The Last Airbender,9.975882685260515,-14.992159124055691,4.2255113131147874
527,Ty Lee,Avatar: The Last Airbender,-1.5380296387385795,11.46203455909678,-8.469929037267082
528,Hakoda,Avatar: The Last Airbender,-10.039230580296817,0.9595076422398163,-2.3234945494887445
529,Blondie,"The Good, the Bad, and the Ugly",-3.1840860637591533,-7.013500159265194,-6.295158191127508
530,Angel Eyes,"The Good, the Bad, and the Ugly",7.59572073128825,-8.706174917203098,-0.734564541555834
531,Tuco,"The Good, the Bad, and the Ugly",14.406727987446278,4.85982050452699,1.7880426107548462
532,Sherlock Holmes,Sherlock,4.160789808705279,-8.37816269875734,-5.895660972209657
533,Dr. John Watson,Sherlock,-9.751081006428276,0.4094360387448632,4.784145694573067
534,D.I. Greg Lestrade,Sherlock,-4.9726616419999905,-0.2401442717810328,7.316141864484227
535,Mrs. Hudson,Sherlock,-6.118186756189183,4.133069929411598,-0.8530093688311812
536,Mycroft Holmes,Sherlock,0.18718158932914192,-12.437106313821364,5.0107360948960284
537,Molly Hooper,Sherlock,-8.649333714867403,4.319623114989213,7.055909665123533
538,Carrie Bradshaw,Sex and the City,1.911245048777756,6.82441838725522,-6.96319474263469
539,Charlotte York,Sex and the City,-11.281253514930512,2.7950684675864914,8.254173254387165
540,Miranda Hobbes,Sex and the City,-4.668337815267948,-8.928508777554889,3.016229926720312
541,Samantha Jones,Sex and the City,6.118428034425464,-0.192031059926709,-14.981067733607368
542,Mr. Big,Sex and the City,1.527770565651732,-7.606240594925741,1.9907211121639916
543,Steve Brady,Sex and the City,-3.6661121141269435,10.750780488178252,6.445265402503794
544,Seth,Superbad,12.076306088366968,7.7877638161591,0.25999562247096486
545,Evan,Superbad,-7.56409899768935,4.782196307103293,10.520895032201807
546,Fogell (McLovin),Superbad,1.8812242717389267,10.269828172609445,-0.4593474045783708
547,Jules,Superbad,-5.6856617489385695,4.653906158581763,-5.172707998610943
548,Becca,Superbad,-2.885517769024891,6.196733521464234,3.981754013844683
549,Officer Slater,Superbad,6.528309752761171,9.412225576154261,-0.5830529471856151
550,Jerry Seinfeld,Seinfeld,1.1570645909228785,2.0365701978311774,-0.11574076527865078
551,George Costanza ,Seinfeld,11.976859199295166,4.538216243539447,11.13518991354381
552,Elaine Benes,Seinfeld,4.368366829842494,2.83402513667572,-3.9464797941411627
553,Cosmo Kramer,Seinfeld,9.711055558662446,10.420543058679044,-8.81725646046366
554,Morty Seinfeld,Seinfeld,3.0786359182771497,0.7619557745177733,10.543342996981218
555,Helen Seinfeld,Seinfeld,-2.5769555928616437,-0.8934929600846434,9.265499363516776
556,Bruce Wayne,The Dark Knight,-0.5787009318123468,-9.038234681314368,-6.235654607863462
557,Alfred Pennyworth,The Dark Knight,-14.642687599121803,-4.035244342375254,0.4660107156948366
558,The Joker,The Dark Knight,12.517788663666758,-1.6530277184149877,-11.977938241815034
559,James Gordon,The Dark Knight,-10.563944681371684,-3.6550232831463716,1.4567476690640158
560,Harvey Dent,The Dark Knight,2.666826814885284,-5.001441733212049,0.6653180854259705
561,Rachel Dawes,The Dark Knight,-6.7329272164928105,-2.9300074044028044,2.828792960479389
562,Lucius Fox,The Dark Knight,-12.351416442765398,-4.237768733733044,-4.487516139271121
563,Anthony Garcia,The Dark Knight,0.4968290859795199,-3.733516361677448,7.7341347691971585
564,Lau,The Dark Knight,3.4162836830033063,-5.630850730688142,7.310122921650184
565,Sal Maroni,The Dark Knight,11.958526904846384,-3.7235876814563245,1.8650587843838857
566,Susan Mayer,Desperate Housewives,2.474678145195711,11.363983471246582,2.4545065083566464
567,Lynette Scavo,Desperate Housewives,-0.8723167102637781,-3.5109636904864616,-0.8455031627284029
568,Bree Van de Kamp,Desperate Housewives,-3.210128884738704,-9.416396079157902,3.8963874493911113
569,Gabrielle Solis,Desperate Housewives,7.163439827180258,1.2295570553469282,-8.538585043368718
570,Edie Britt,Desperate Housewives,11.681051324649946,-1.1638693005975247,-7.159827560590465
571,Carlos Solis,Desperate Housewives,4.171236494461481,-4.89282859910751,2.785532349261212
572,Julie Mayer ,Desperate Housewives,-5.933976464346306,4.187879458480122,6.824284528238223
573,Mary Alice Young,Desperate Housewives,-1.8888752448347867,-1.7090945730431695,4.898314537702969
574,Mike Delfino,Desperate Housewives,-5.010585198555945,-0.6256706564033908,-1.9755398063276606
575,Tom Scavo,Desperate Housewives,-0.08474220053297322,8.732771270548751,5.974954750593594
576,Sabrina Spellman,Chilling Adventures of Sabrina,0.11119081777922446,2.20540288354469,-10.081805715164364
577,Harvey Kinkle,Chilling Adventures of Sabrina,-4.384558572069411,6.499232746576048,5.2919234725496285
578,Hilda Spellman,Chilling Adventures of Sabrina,-8.125371536820303,13.419120842361519,-1.5174386098985837
579,Ambrose Spellman,Chilling Adventures of Sabrina,-3.321509373177812,2.8839490609281047,-8.590772390230962
580,Mary Wardwell,Chilling Adventures of Sabrina,6.5005338785747915,-7.692370752000428,-1.7200565135205552
581,Rosalind Walker,Chilling Adventures of Sabrina,-8.902550213150473,4.538185322777861,-1.0834368570269959
582,Prudence Night,Chilling Adventures of Sabrina,4.2250257868219645,-7.22096835357092,-6.862590123059378
583,Agatha,Chilling Adventures of Sabrina,7.7323334459662885,0.3490355505556081,7.8752579986340505
584,Father Faustus Blackwood,Chilling Adventures of Sabrina,12.244963205515385,-9.864152991678203,9.073896941062301
585,Zelda Spellman ,Chilling Adventures of Sabrina,0.24537785569050638,-11.063995551421872,0.19433522374387757
586,"Robert Crawley, 7th Earl of Grantham",Downton Abbey,-8.347186403738512,-3.445659543585109,5.582103774254835
587,Lady Sybil Crawley,Downton Abbey,-5.7158560528023905,5.629656733761564,-13.19737885134569
588,Lady Edith Crawley,Downton Abbey,-0.9029900051338632,1.484516584374829,4.394566057959328
589,Charlie Carson,Downton Abbey,-12.894088127418566,-8.340501545506042,6.3888757218876995
590,John Bates,Downton Abbey,-9.062786725122779,-4.220664149267752,1.7081271421372246
591,Lady Mary Crawley,Downton Abbey,0.30313322313147756,-7.990043384733218,-2.7314401600976543
592,Sarah O'Brien,Downton Abbey,11.125467280771195,-9.024034784743305,8.07052378448079
593,Anna Bates,Downton Abbey,-14.744824409707709,2.539045061268122,0.1715920876089474
594,Elsie Carson,Downton Abbey,-14.641641218785509,-2.7136045565437534,2.0921131916875835
595,William Mason,Downton Abbey,-7.530384047380244,9.04275340152461,8.209667561218348
596,Thomas Barrow,Downton Abbey,12.066870113922976,-4.1590396737214546,-0.6053343324546235
597,"Cora Crawley, Countess of Grantham",Downton Abbey,-9.738547396638817,2.468991994996687,-1.431091563861449
598,Daisy Mason,Downton Abbey,-1.757409909480233,8.666735836079908,2.5413899441519017
599,Beryl Patmore,Downton Abbey,-5.837381629067109,0.5230029472163858,2.058360403826421
600,"Violet Crawley, Dowager Countess of Grantham",Downton Abbey,-2.2246677758963025,-9.866538325649465,-1.9918118917231526
601,Dolores Abernathy,Westworld,-0.8660552670005719,-5.25233615907963,-6.920877786277859
602,Maeve Millay,Westworld,-0.7603319971045662,-6.720530083794607,-11.93826259006717
603,Bernard Lowe,Westworld,-9.53017604128985,-3.500757442391403,5.642407835767939
604,Teddy Flood,Westworld,-7.507605854527822,6.2163344026157095,7.410584337780628
605,Ashley Stubbs,Westworld,-3.3319969944084376,-6.241965563344353,4.553404982820995
606,Lee Sizemore,Westworld,7.714146722982845,3.9901380048762816,3.2570557924649095
607,Elsie Hughes,Westworld,-5.5540631897558805,-2.188915643722005,2.5884099463688006
608,Man in Black,Westworld,9.932802475529508,-12.415138323065385,-2.5597809296116303
609,Robert Ford,Westworld,0.9801891771720992,-8.333316762920402,-4.90602600540602
610,Theresa Cullen,Westworld,0.3756221486672598,-9.29813380569879,5.332719965353756
611,Charlotte Hale,Westworld,4.108758183508373,-10.923527550247497,-4.031818369313625
612,Akecheta,Westworld,-2.6015860092695675,-4.4416741670559095,-4.2330829176101465
613,Clementine Pennyfeather,Westworld,1.9514363269940311,6.839322597539534,3.200619386026208
614,Logan Delos,Westworld,14.9988778830847,1.8451661852224406,0.2539506207011041
615,Felix Lutz,Westworld,-4.154394262301677,6.232179597800394,8.466713495711545
616,Piper Chapman,Orange is the New Black,3.7141576443786137,1.4228546464423601,4.146672928655107
617,Alex Vause,Orange is the New Black,4.5006423535798294,-5.6807314942037594,-6.124021218290406
618,Sam Healy,Orange is the New Black,6.345456013786394,1.19030606458441,16.019675382943248
619,Red Reznikov ,Orange is the New Black,-0.34905769845319257,-8.734039295931657,-3.6421741565897663
620,Crazy Eyes,Orange is the New Black,4.230924121044527,11.08599119927581,-2.7718984433299334
621,Taystee Jefferson ,Orange is the New Black,-3.3532341944033672,1.2546844269493278,-7.605283896219086
622,Nicky Nichols,Orange is the New Black,7.070568545460489,2.9945952570643164,-9.439317644785714
623,Pennsatucky Doggett,Orange is the New Black,11.370541792691148,4.526173881807973,2.0905599474008256
624,Lorna Morello,Orange is the New Black,4.845938025741077,12.063506750287882,-0.7229961928221507
625,Flaca Gonzales,Orange is the New Black,6.940721053012326,6.249002624310274,-5.564898095482858
626,Cedric Daniels,The Wire,-9.640722518528861,-11.423563009617324,1.0335396893837754
627,Jimmy McNulty,The Wire,10.276167695673916,0.18382100974251864,-6.659424864911712
628,Kima Greggs,The Wire,-4.723074244230793,-6.507690480863752,-6.033723413549616
629,Lester Freamon,The Wire,-11.99493547206487,-4.408110241288376,-5.123163673891712
630,Bunk Moreland,The Wire,-1.4836557071447316,-0.5061664501845022,-2.1652721325937274
631,Thomas 'Herc' Hauk,The Wire,11.5223979456136,4.808722839607517,3.0486350176761876
632,Ellis Carver,The Wire,-0.25920350227471595,2.5357146848380316,-0.2367480966933104
633,Reginald 'Bubbles' Cousins,The Wire,0.8095056087758556,10.12162605749808,-3.6455558781116046
634,William Rawls,The Wire,8.645671750504045,-8.810080015471641,7.9212747998093
635,Roland 'Prez' Pryzbylewski,The Wire,-4.265704849710407,6.406154941213264,8.830242190758572
636,Rhonda Pearlman,The Wire,-4.845855936531029,-4.905087239732415,-0.9368803914263072
637,Omar Little,The Wire,0.9319334645934048,-6.0944514993354275,-12.503781684415207
638,Ervin Burrell,The Wire,2.782370446859585,-5.531734221468322,8.328541252186396
639,Preston 'Bodie' Broadus,The Wire,5.0241296071695976,0.2411735448341978,-2.9905920544811133
640,Russell 'Stringer' Bell,The Wire,-2.0375522098704315,-12.42616183126631,-4.839721014504819
641,Tommy Carcetti,The Wire,5.673194780250213,-3.6224792000454125,-1.1945486886685135
642,Avon Barksdale,The Wire,5.669108892184735,-8.008012888247576,-5.182734129300304
643,Chris Partlow,The Wire,3.1414122342425057,-6.214856378355316,0.5945538437710003
644,Norman Wilson,The Wire,-6.539227123279228,-4.652144886046547,-0.14713957874683506
645,Michael Lee,The Wire,-1.3155593672112225,-1.3491537421677424,-2.181380305903209
646,Maurice Levy,The Wire,7.055155242895353,-5.963290817182218,6.506330643005109
647,Beatrice 'Beadie' Russell,The Wire,-9.456763601780688,3.573014090093051,2.3729647606422883
648,Dennis 'Cutty' Wise,The Wire,-7.65878464428286,-1.4615081788114435,-2.214592241390844
649,D'Angelo Barksdale,The Wire,-1.2705955696387228,4.457818224409817,2.190560546822662
650,Clay Davis,The Wire,11.335361080430681,0.40852726067249007,-0.1224800702045154
651,Clarence Royce,The Wire,7.827879079115526,-3.0816850950692585,5.439941818893999
652,Spiros 'Vondas' Vondopoulos,The Wire,4.5792055295120235,-8.834088380281994,0.3551729350478069
653,Frank Sobotka,The Wire,4.923328497550225,-3.655224162720899,6.845772076319881
654,Ziggy Sobotka,The Wire,19.10161242339546,10.297934615588922,3.1449145081800136
655,Nick Sobotka,The Wire,7.5716223311143915,1.9808189685310533,4.403888479504709
656,Woody,Toy Story,-7.334671698787346,1.5765389212193333,0.5115566163341532
657,Buzz Lightyear,Toy Story,-2.8593843535402685,-1.4273165486680799,-4.855404455494438
658,Mr. Potato Head,Toy Story,4.414560123892287,-2.1290724481851715,7.001414827510929
659,Rex,Toy Story,-2.2504517390148466,15.480381216403446,2.933863830332446
660,Bo Peep,Toy Story,-9.574213856823569,2.9504950438948865,-2.697819669522107
661,Sid Phillips,Toy Story,19.922271713036068,-2.6370658813421803,3.633487440563382
662,Dale Cooper,Twin Peaks,-11.655563203475571,-1.1602345377269967,-7.782321630748454
663,Sheriff Truman,Twin Peaks,-10.935932086775683,0.21910663361918492,2.106244239789296
664,Shelly Johnson,Twin Peaks,-2.2806614592525536,6.734609237398051,-0.42982193741397556
665,Bobby Briggs,Twin Peaks,14.897485137965617,3.1736198711227703,-2.382185600267048
666,Benjamin Horne,Twin Peaks,11.285107898841266,-6.007571481551287,2.4668040086723293
667,Audrey Horne,Twin Peaks,6.587527695344273,0.6043769265312504,-11.552759356829256
668,Norma Jennings,Twin Peaks,-9.445517280676366,2.834504898713321,-0.7152943041323537
669,James Hurley,Twin Peaks,2.547085297458359,5.919814853394405,6.843656139798663
670,Ed Hurley,Twin Peaks,-6.363180811614314,0.42081068131008326,7.2614432901956425
671,Pete Martell,Twin Peaks,-3.519634518241841,8.515277215554548,6.756716896710205
672,Leland Palmer,Twin Peaks,10.127951420884425,-1.6791054521284126,3.2183004954827203
673,Josie Packard,Twin Peaks,-0.2500472625435311,-4.675973429216355,0.13749597048989864
674,Catherine Martell,Twin Peaks,9.209067932751385,-9.791904691273613,0.00488504743754152
675,Lucy Moran,Twin Peaks,-1.6042587549631941,14.523089729770131,1.937371832174193
676,Donna Hayward,Twin Peaks,0.9617934473018636,0.5547054802241554,-0.524596899326301
677,Michael Scott,The Office,7.313820622802161,14.329015948216654,-2.968135886602685
678,Dwight Schrute,The Office,3.7986002571408664,-9.456687575426988,1.8528325625793165
679,Jim Halpert,The Office,-5.259269693922392,5.7101159987400445,-5.694583527872701
680,Pam Beesly,The Office,-11.4135943260965,8.603457375922876,1.4356200788441362
681,Ryan Howard,The Office,13.04170754254534,0.46924692787095607,3.3481361628890705
682,Andy Bernard,The Office,4.568268255246587,9.827323437227111,4.7044997863416205
683,Jan Levinson,The Office,9.31017645473197,-8.533559109934886,2.8159023832290675
684,Stanley Hudson,The Office,0.5501491778009875,-5.202108257994243,7.571687159409572
685,Kevin Malone,The Office,4.784621761386959,16.311495880149053,5.842220351402073
686,Meredith Palmer,The Office,15.200101315848045,6.051615235644563,-1.0122035321455551
687,Angela Martin,The Office,0.9971694020235917,-11.170726624538192,13.047167567353348
688,Phyllis Lapin,The Office,-4.002021251927335,7.890725283236818,6.812811160549151
689,Kelly Kapoor,The Office,10.274094847223104,8.585520802659328,-2.980818506799811
690,Kelly Erin Hannon,The Office,-4.3842717742487265,16.59581123667995,1.9995648157273336
691,Robert California,The Office,12.277833559221524,-3.4913044244810174,-2.683518325522366
692,Rust Cohle,True Detective,3.5300603902447034,-6.145980698209511,-4.215228298150265
693,Marty Hart,True Detective,5.095847191650371,-1.7295191944144863,5.569898612302552
694,Maggie Hart,True Detective,-4.013454273797154,-0.2481815342180985,3.5282332519610553
695,Dallas,Alien,-2.116326928681637,-2.1958370564082244,1.6318950064497126
696,Ellen Ripley,Alien,-5.68423569370973,-7.827003669726746,-7.143785358194109
697,Lambert,Alien,1.89962940935894,3.0291068789884052,6.392526532310583
698,Ash,Alien,1.812255815542785,-10.412872910340639,8.176058049363258
699,the Alien,Alien,7.6175556714617825,-10.140111422198652,-6.451697095633708
700,Parker,Alien,1.670480921700636,7.148358844516814,-4.0952817404410595
701,Michael Bluth,Arrested Development,-6.496346992771593,-3.468625311772327,8.742178713701046
702,Lindsay Bluth Funke ,Arrested Development,14.419515550800845,6.520305791896407,-1.5731627519443157
703,George Oscar 'Gob' Bluth,Arrested Development,17.11119614267429,8.096810076292899,-0.49196920938780053
704,George Michael Bluth,Arrested Development,-7.991920203432648,8.732502120946913,13.283534136151767
705,Maeby Funke,Arrested Development,9.897052548080671,0.5784005397311186,-9.564633138840081
706,Buster Bluth,Arrested Development,3.470042752835418,13.17142475019408,11.766962695194714
707,Tobias Funke ,Arrested Development,6.913908667901636,15.005532409920894,4.30601020122136
708,"George Bluth, Sr.",Arrested Development,14.565722051761684,-2.5157108030372846,1.2642952552433075
709,Oscar Bluth,Arrested Development,12.62192568965417,8.081631574656281,2.171025569778958
710,Lucille Bluth,Arrested Development,12.620572022605106,-7.540119501463414,1.2736797965081674
711,Jack O'Neill,Stargate SG-1,-0.30568262015057734,-2.6885249113841145,-6.527505882573487
712,Daniel Jackson,Stargate SG-1,-10.389754616194443,2.337344367606356,-0.9277607423009254
713,Samantha Carter,Stargate SG-1,-13.301490449064422,-3.5417578698708176,-4.722680434374571
714,Teal'c,Stargate SG-1,-10.921549345917096,-7.202422023556397,-3.113527404378221
715,George S. Hammond,Stargate SG-1,-11.488376655197515,-8.106259331603928,3.132024345450902
716,Janet Fraiser,Stargate SG-1,-13.954382687248437,-3.370267094628167,-0.3498852293004203
717,Princess Anna Karenina,Anna Karenina,5.343589455815669,3.772860454939398,-5.189303868884494
718,Count Alexei Karenin,Anna Karenina,-3.4884164251891288,-7.6942722499622045,11.49663665835211
719,Count Alexei Vronsky,Anna Karenina,6.471143948993736,2.5580032262371777,-3.9651501590126714
720,Princess Darya 'Dolly' Oblonskaya,Anna Karenina,-5.8563928712229965,1.686791107262795,9.60064434036606
721,Prince Stepan 'Stiva' Oblonsky,Anna Karenina,3.9631330330416716,7.661919581495809,2.162334654214662
722,Konstantin 'Kostya' Levin,Anna Karenina,-5.890521733054731,3.9973406234981836,6.340029374487174
723,Princess Elizaveta 'Betsy' Tverskaya,Anna Karenina,6.577599522996942,4.304096934715608,0.9998898695334916
724,Princess Ekaterina 'Kitty' Shcherbatskaya,Anna Karenina,-3.6189795360668344,8.170887219467858,3.7638851894083127
725,Countess Vronskaya,Anna Karenina,1.8295290394048815,-4.858936878872107,6.630636671153497
726,Countess Lidia Ivanovna,Anna Karenina,1.9293604345245412,-3.2781503799697287,9.008877573361145
727,Neo,The Matrix,-4.810371703247698,-0.9652764333442814,-5.045242661349891
728,Morpheus,The Matrix,-6.5670001103872435,-5.710459154213139,-7.26951947169683
729,Trinity,The Matrix,-4.5345742705598004,-6.904754233517207,-6.2675254530761935
730,Agent Smith,The Matrix,5.616979359455596,-13.85764383254596,5.3281780221717066
731,Cypher,The Matrix,14.47344733717733,-1.4712089023810087,6.1729221186765
732,The Oracle,The Matrix,-8.457880640023987,2.811748791787178,-6.13619437062449
733,Dagny Taggart,Atlas Shrugged,-3.8079607909042217,-9.67320962743753,-6.052378641296498
734,Henry Rearden ,Atlas Shrugged,-4.153544612962289,-8.33936983010293,-2.646078126873254
735,James Taggart,Atlas Shrugged,10.860864115546862,5.228383203784009,11.811156450027937
736,John Galt,Atlas Shrugged,-2.1544499215876436,-8.012527156348577,-8.200901536069297
737,Ellis Wyatt,Atlas Shrugged,0.2571905200292369,-5.25136055476179,-1.122331130590392
738,Francisco d'Anconia,Atlas Shrugged,2.2415885978885206,-2.5886461753816814,-10.309590354065243
739,Jon Snow,Game of Thrones,-6.96125649667246,-0.6545290675742682,-1.1315979117875747
740,Tyrion Lannister,Game of Thrones,-0.8729141194473671,-0.6396279570191244,-8.892534441894181
741,Daenerys Targaryen,Game of Thrones,1.7840104466285784,-4.434261540849288,-8.809308452410619
742,Sansa Stark,Game of Thrones,-4.144834631700162,-4.667332903549605,1.8510490810999105
743,Arya Stark,Game of Thrones,2.3337910772907904,-5.820540749935351,-12.524815473953458
744,Jaime Lannister,Game of Thrones,2.821351470915003,-0.8244680274498299,-2.9578393892241226
745,Samwell Tarly,Game of Thrones,-11.889135672238787,9.197549350577079,4.928433142642184
746,Jorah Mormont,Game of Thrones,-7.1548891295725205,-1.6357942629362792,1.9696595887840151
747,Theon Greyjoy,Game of Thrones,9.070262506998715,5.617427307069172,8.35221908585647
748,Petyr Baelish,Game of Thrones,11.265271008788105,-6.250868836206109,-0.4775205019768618
749,Davos Seaworth,Game of Thrones,-9.245913029314627,-1.1239973059066088,1.0381449020682336
750,Eddard Stark,Game of Thrones,-11.920230479861688,-2.586197699956643,2.487180104736736
751,Brandon Stark,Game of Thrones,-3.7355878554093627,-1.890437356981433,4.546242183060385
752,Brienne of Tarth,Game of Thrones,-9.659087697339237,-5.936431398441321,-2.3517016434938194
753,Sandor Clegane,Game of Thrones,6.381306353407627,-6.9653037399759,-0.5845772026933526
754,Varys,Game of Thrones,-0.5199540096074569,-5.301515462275039,-1.1082488317934431
755,Catelyn Stark,Game of Thrones,-6.953109192609396,-3.507503269978261,3.8347890836458074
756,Tywin Lannister,Game of Thrones,4.680484873639581,-15.853042050681346,4.403959795223592
757,Margaery Tyrell,Game of Thrones,-1.1484399949850577,-1.3288076900246693,-7.240911416195566
758,Robb Stark,Game of Thrones,-5.559697121867561,1.0045084947413812,-0.9664834353548934
759,Bronn,Game of Thrones,8.551069520424258,-0.5625693291152745,-6.537537434717022
760,Stannis Baratheon,Game of Thrones,8.060176279823057,-6.794716642761658,10.27217758855389
761,Joffrey Baratheon,Game of Thrones,21.149449203121907,-0.6979081950174252,8.258384485857833
762,Melisandre,Game of Thrones,6.289849482296646,-5.603188032506847,-4.130945059984898
763,Olenna Tyrell,Game of Thrones,-1.251653749342637,-8.291041364701577,-7.875550828315335
764,Ygritte,Game of Thrones,4.161551091763042,-1.3892856039416361,-8.965848796972939
765,Cersei Lannister,Game of Thrones,11.054977370146814,-10.8676796252254,-2.2202908520643048
766,Shae,Game of Thrones,7.465967981427059,4.004962618393074,-1.7145708338658436
767,Oberyn Martell,Game of Thrones,4.555050620050117,2.5082766192145742,-10.71177742411816
768,Asha Greyjoy,Game of Thrones,3.251190250204173,-5.85636040808942,-5.844878745432472
769,Dom Cobb,Inception,1.2179893145028584,-4.702428192175858,-3.185761675645927
770,Arthur,Inception,-8.536111483094981,-0.42497049930476094,-0.8604444148208694
771,Ariadne,Inception,-7.293557797516214,1.2505554681626698,-1.8721846299488125
772,Mal Cobb,Inception,8.243511805682406,-3.709603942405434,-1.1951547971127108
773,Mr. Saito,Inception,-0.7118425480506633,-8.079344233917697,1.53277408056209
774,Robert Fischer,Inception,-0.3318897955204499,-3.4625582223785845,7.984371185059977
775,Frodo Baggins,Lord of the Rings,-6.101014478238389,5.314728294522783,3.1466954284206468
776,Aragorn,Lord of the Rings,-8.368499363587198,-4.573137272743483,-6.6685941507535516
777,Boromir,Lord of the Rings,3.4479723934577264,-4.409215959557015,1.0633597349011958
778,Merry Brandybuck,Lord of the Rings,0.2537936888574481,14.106404406845751,-3.3558387416792175
779,Samwise Gamgee,Lord of the Rings,-11.671879854303265,6.494738006648165,3.995316977296747
780,Gandalf,Lord of the Rings,-8.744828842988731,-3.3249353566835187,-7.943525693388231
781,Gimli,Lord of the Rings,2.9528090353203984,-1.41639887447797,-1.6799035402443911
782,Legolas,Lord of the Rings,-9.304938866666806,-4.306302884379761,-5.49795868228137
783,Pippin Took,Lord of the Rings,0.6876406251470473,13.607843484226345,-1.5567798051670751
784,Gollum,Lord of the Rings,16.9529543845839,0.14551650176832287,5.143921673077319
785,Tony Stark,Marvel Cinematic Universe,1.2017036134913741,-3.6941963423870616,-9.668752736163546
786,Captain America,Marvel Cinematic Universe,-12.232047870868504,-2.8826531887139533,-0.46967303371589214
787,Black Widow,Marvel Cinematic Universe,-2.2108007348055656,-7.342880759896923,-7.804470006573617
788,Bruce Banner,Marvel Cinematic Universe,-8.552075802335182,0.5787772009350589,3.5824238542325166
789,Captain Marvel,Marvel Cinematic Universe,-2.4181592658179927,-4.629915538230311,-5.068278193020385
790,Thor,Marvel Cinematic Universe,-0.49737739235752026,3.194389202505523,-8.381473685315067
791,Nick Fury,Marvel Cinematic Universe,-1.2600787325960063,-11.692287365906918,-3.459910289131951
792,Dr. Strange,Marvel Cinematic Universe,-5.858901542983392,-7.774137728898867,-3.073812416394609
793,Black Panther,Marvel Cinematic Universe,-11.14953439820134,-4.614819374311248,-5.593813430936329
794,Gamora,Marvel Cinematic Universe,-0.45631805313242024,-7.9024996414710005,-5.532829801795672
795,Thanos,Marvel Cinematic Universe,8.145919542216038,-11.211783641520121,0.28994607308500736
796,Peggy Carter,Marvel Cinematic Universe,-10.995111311123084,-4.835527796971577,-3.594959713620815
797,Loki,Marvel Cinematic Universe,9.767767665612883,-1.8821874746722038,-7.488523634821521
798,Hawkeye,Marvel Cinematic Universe,-2.3508903425920553,-0.6095302612944945,-0.940267351703924
799,Peter Jason Quill,Marvel Cinematic Universe,7.162434852315023,10.944255687849825,-7.732454976981186
