{"BAP1": "playful<->serious", "BAP2": "shy<->bold", "BAP3": "cheery<->sorrowful", "BAP4": "masculine<->feminine", "BAP5": "charming<->awkward", "BAP6": "lewd<->tasteful", "BAP7": "intellectual<->physical", "BAP8": "strict<->lenient", "BAP9": "refined<->rugged", "BAP10": "trusting<->suspicious", "BAP11": "innocent<->worldly", "BAP12": "artistic<->scientific", "BAP13": "stoic<->expressive", "BAP14": "cunning<->honorable", "BAP15": "orderly<->chaotic", "BAP16": "normal<->weird", "BAP17": "competitive<->cooperative", "BAP18": "tense<->relaxed", "BAP19": "brave<->careful", "BAP20": "spiritual<->skeptical", "BAP21": "unlucky<->fortunate", "BAP22": "ferocious<->pacifist", "BAP23": "modest<->flamboyant", "BAP24": "dominant<->submissive", "BAP25": "forgiving<->vengeful", "BAP26": "wise<->foolish", "BAP27": "impulsive<->cautious", "BAP28": "loyal<->traitorous", "BAP29": "creative<->conventional", "BAP30": "curious<->apathetic", "BAP31": "rude<->respectful", "BAP32": "diligent<->lazy", "BAP33": "lustful<->chaste", "BAP34": "chatty<->reserved", "BAP35": "emotional<->logical", "BAP36": "moody<->stable", "BAP37": "dunce<->genius", "BAP38": "arrogant<->humble", "BAP39": "heroic<->villainous", "BAP40": "attractive<->repulsive", "BAP41": "rational<->whimsical", "BAP42": "mischievous<->well behaved", "BAP43": "aloof<->obsessed", "BAP44": "indulgent<->sober", "BAP45": "kinky<->vanilla", "BAP46": "straightforward<->cryptic", "BAP47": "spontaneous<->deliberate", "BAP48": "libertarian<->socialist", "BAP49": "scheduled<->spontaneous", "BAP50": "works hard<->plays hard", "BAP51": "reasoned<->instinctual", "BAP52": "focused on the present<->focused on the future", "BAP53": "empirical<->theoretical", "BAP54": "open<->guarded", "BAP55": "methodical<->astonishing", "BAP56": "mighty<->puny", "BAP57": "bossy<->meek", "BAP58": "barbaric<->civilized", "BAP59": "gregarious<->private", "BAP60": "quiet<->loud", "BAP61": "political<->nonpolitical", "BAP62": "confident<->insecure", "BAP63": "democratic<->authoritarian", "BAP64": "debased<->pure", "BAP65": "fast<->slow", "BAP66": "frugal<->lavish", "BAP67": "ludicrous<->sensible", "BAP68": "orange<->purple", "BAP69": "tall<->short", "BAP70": "young<->old", "BAP71": "down2earth<->head@clouds", "BAP72": "extrovert<->introvert", "BAP73": "open to new experinces<->uncreative", "BAP74": "calm<->anxious", "BAP75": "disorganized<->self-disciplined", "BAP76": "quarrelsome<->warm", "BAP77": "nerd<->jock", "BAP78": "lowbrow<->highbrow", "BAP79": "selfish<->altruistic", "BAP80": "autistic<->neurotypical", "BAP81": "angelic<->demonic", "BAP82": "hesitant<->decisive", "BAP83": "devout<->heathen", "BAP84": "cruel<->kind", "BAP85": "direct<->roundabout", "BAP86": "mathematical<->literary", "BAP87": "blue-collar<->ivory-tower", "BAP88": "slovenly<->stylish", "BAP89": "playful<->shy", "BAP90": "serious<->bold", "BAP91": "charming<->trusting", "BAP92": "awkward<->suspicious", "BAP93": "hipster<->basic", "BAP94": "coordinated<->clumsy", "BAP95": "funny<->humorless", "BAP96": "politically correct<->edgy", "BAP97": "rich<->poor", "BAP98": "hard<->soft", "BAP99": "remote<->involved", "BAP100": "metaphorical<->literal", "BAP101": "biased<->impartial", "BAP102": "mundane<->extraordinary", "BAP103": "tiresome<->interesting", "BAP104": "smooth<->rough", "BAP105": "spicy<->mild", "BAP106": "enslaved<->emancipated", "BAP107": "optimistic<->pessimistic", "BAP108": "sickly<->healthy", "BAP109": "luddite<->technophile", "BAP110": "vain<->demure", "BAP111": "high-tech<->low-tech", "BAP112": "flexible<->rigid", "BAP113": "cosmopolitan<->provincial", "BAP114": "arcane<->mainstream", "BAP115": "outlaw<->sheriff", "BAP116": "pronatalist<->child free", "BAP117": "sad<->happy", "BAP118": "jealous<->compersive", "BAP119": "bitter<->sweet", "BAP120": "resigned<->resistant", "BAP121": "sarcastic<->genuine", "BAP122": "human<->animalistic", "BAP123": "sporty<->bookish", "BAP124": "moderate<->extreme", "BAP125": "angry<->good-humored", "BAP126": "depressed<->bright", "BAP127": "self-conscious<->self-assured", "BAP128": "vulnerable<->armoured", "BAP129": "warm<->cold", "BAP130": "assertive<->passive", "BAP131": "active<->slothful", "BAP132": "imaginative<->practical", "BAP133": "adventurous<->stick-in-the-mud", "BAP134": "obedient<->rebellious", "BAP135": "competent<->incompetent", "BAP136": "unambitious<->driven", "BAP137": "simple<->complicated", "BAP138": "proletariat<->bourgeoisie", "BAP139": "alpha<->beta", "BAP140": "right-brained<->left-brained", "BAP141": "thick-skinned<->sensitive", "BAP142": "charismatic<->uninspiring", "BAP143": "feisty<->gracious", "BAP144": "eloquent<->unpolished", "BAP145": "high IQ<->low IQ", "BAP146": "insider<->outsider", "BAP147": "morning lark<->night owl", "BAP148": "thin<->thick", "BAP149": "sheeple<->conspiracist", "BAP150": "neat<->messy", "BAP151": "vague<->precise", "BAP152": "philosophical<->real", "BAP153": "modern<->historical", "BAP154": "judgemental<->accepting", "BAP155": "average<->deviant", "BAP156": "gossiping<->confidential", "BAP157": "official<->backdoor", "BAP158": "scholarly<->crafty", "BAP159": "leisurely<->hurried", "BAP160": "explorer<->builder", "BAP161": "captain<->first-mate", "BAP162": "mysterious<->unambiguous", "BAP163": "independent<->codependent", "BAP164": "family-first<->work-first", "BAP165": "scruffy<->manicured", "BAP166": "wild<->tame", "BAP167": "prestigious<->disreputable", "BAP168": "scandalous<->proper", "BAP169": "unprepared<->hoarder", "BAP170": "sheltered<->street-smart", "BAP171": "open-minded<->close-minded", "BAP172": "permanent<->transient", "BAP173": "dramatic<->no-nonsense", "BAP174": "apprentice<->master", "BAP175": "straight<->queer", "BAP176": "androgynous<->gendered", "BAP177": "repetitive<->varied", "BAP178": "patient<->impatient", "BAP179": "poisonous<->nurturing", "BAP180": "creepy<->disarming", "BAP181": "inspiring<->cringeworthy", "BAP182": "soulless<->soulful", "BAP183": "hard<->soft", "BAP184": "beautiful<->ugly", "BAP185": "domestic<->industrial", "BAP186": "juvenile<->mature", "BAP187": "idealist<->realist", "BAP188": "nihilist<->existentialist", "BAP189": "objective<->subjective", "BAP190": "theist<->atheist", "BAP191": "classical<->avant-garde", "BAP192": "utilitarian<->decorative", "BAP193": "generalist<->specialist", "BAP194": "multicolored<->monochrome", "BAP195": "complimentary<->insulting", "BAP196": "individualist<->communal", "BAP197": "equitable<->hypocritical", "BAP198": "traditional<->unorthodox", "BAP199": "workaholic<->slacker", "BAP200": "resourceful<->helpless", "BAP201": "crazy<->sane", "BAP202": "anarchist<->statist", "BAP203": "cool<->dorky", "BAP204": "important<->irrelevant", "BAP205": "noob<->pro", "BAP206": "deranged<->reasonable", "BAP207": "rural<->urban", "BAP208": "introspective<->not introspective", "BAP209": "city-slicker<->country-bumpkin", "BAP210": "western<->eastern", "BAP211": "mad<->glad", "BAP212": "social<->reclusive", "BAP213": "studious<->goof-off", "BAP214": "slugabed<->go-getter", "BAP215": "penny-pincher<->overspender", "BAP216": "liberal<->conservative", "BAP217": "unassuming<->pretentious", "BAP218": "persistent<->quitter", "BAP219": "hedonist<->monastic", "BAP220": "patriotic<->unpatriotic", "BAP221": "tactful<->indiscreet", "BAP222": "wholesome<->salacious", "BAP223": "joyful<->miserable", "BAP224": "zany<->regular", "BAP225": "alert<->oblivious", "BAP226": "feminist<->sexist", "BAP227": "racist<->egalitarian", "BAP228": "abstract<->concrete", "BAP229": "formal<->intimate", "BAP230": "resolute<->wavering", "BAP231": "deep<->shallow", "BAP232": "valedictorian<->drop out", "BAP233": "minimalist<->pack rat", "BAP234": "trash<->treasure", "BAP267": "stinky<->fresh", "BAP268": "legit<->scrub"}