{"shy": 4.46, "intellectual": 6.98, "strict": 4.13, "innocent": 6.36, "artistic": 7.12, "normal": 5.98, "competitive": 5.46, "brave": 7.02, "spiritual": 6.72, "modest": 5.9, "dominant": 5.19, "wise": 7.1, "loyal": 7.46, "creative": 7.4, "curious": 6.36, "rude": 2.62, "emotional": 4.42, "attractive": 7.48, "rational": 6.36, "spontaneous": 6.54, "scheduled": 5.28, "empirical": 5.39, "open": 6.1, "mighty": 5.96, "quiet": 5.5, "political": 4.12, "confident": 7.1, "democratic": 6.32, "fast": 6.44, "orange": 6.54, "tall": 5.84, "young": 6.82, "calm": 6.36, "nerd": 4.8, "selfish": 2.6, "cruel": 1.84, "direct": 5.68, "mathematical": 5.57, "serious": 4.42, "awkward": 3.62, "funny": 7.92, "rich": 7.98, "remote": 5.48, "smooth": 6.8, "optimistic": 7.5, "vain": 3.82, "outlaw": 4.26, "sad": 2.38, "jealous": 2.68, "bitter": 3.0, "resigned": 3.76, "human": 6.26, "moderate": 5.34, "angry": 2.32, "depressed": 2.18, "vulnerable": 3.34, "warm": 6.72, "active": 6.82, "competent": 6.66, "simple": 6.02, "thin": 5.74, "neat": 6.72, "philosophical": 6.18, "modern": 6.48, "average": 5.1, "official": 5.38, "captain": 6.6, "mysterious": 5.54, "independent": 6.86, "wild": 5.5, "permanent": 5.68, "dramatic": 5.26, "straight": 6.06, "patient": 5.04, "creepy": 3.46, "inspiring": 7.34, "beautiful": 7.92, "domestic": 5.46, "juvenile": 4.36, "objective": 5.7, "classical": 6.58, "traditional": 6.12, "crazy": 4.64, "cool": 7.2, "important": 6.32, "rural": 5.78, "western": 6.1, "mad": 2.6, "social": 6.22, "liberal": 5.8, "alert": 5.28, "racist": 2.08, "abstract": 5.53, "formal": 5.62, "deep": 5.74, "trash": 2.68, "legit": 6.08}