{"serious": 4.42, "bold": 5.66, "awkward": 3.62, "physical": 5.88, "rugged": 5.66, "suspicious": 3.28, "scientific": 6.44, "weird": 4.2, "cooperative": 6.86, "relaxed": 7.22, "careful": 5.1, "foolish": 3.7, "conventional": 5.02, "lazy": 3.28, "reserved": 4.78, "logical": 6.36, "stable": 6.2, "genius": 7.6, "humble": 6.48, "obsessed": 3.42, "sober": 5.78, "vanilla": 6.96, "socialist": 5.24, "spontaneous": 6.54, "theoretical": 5.84, "private": 5.92, "loud": 4.34, "insecure": 2.98, "pure": 6.88, "slow": 3.78, "purple": 6.04, "short": 4.46, "old": 3.98, "anxious": 3.42, "warm": 6.72, "kind": 7.24, "literary": 6.46, "shy": 4.46, "basic": 5.16, "poor": 2.32, "involved": 5.82, "extraordinary": 7.5, "interesting": 7.52, "rough": 3.54, "mild": 5.7, "healthy": 8.02, "rigid": 4.46, "provincial": 5.08, "happy": 8.3, "sweet": 7.64, "genuine": 7.18, "extreme": 5.12, "bright": 7.62, "cold": 4.22, "passive": 4.8, "practical": 6.24, "driven": 5.96, "complicated": 3.34, "beta": 5.48, "sensitive": 4.86, "thick": 4.96, "messy": 3.66, "precise": 6.1, "real": 6.78, "historical": 5.76, "tame": 5.55, "proper": 5.94, "master": 5.7, "varied": 5.56, "ugly": 2.74, "industrial": 5.02, "mature": 6.5, "subjective": 5.52, "specialist": 6.08, "helpless": 3.29, "sane": 5.82, "pro": 5.88, "reasonable": 6.38, "urban": 5.84, "eastern": 5.76, "glad": 7.48, "conservative": 4.54, "miserable": 2.54, "regular": 5.7, "concrete": 5.6, "intimate": 6.76, "shallow": 4.12, "treasure": 7.4, "fresh": 7.26}